id;adi;soyadi;telefonu;tcnu;eposta;unvani
1;Kanada Incredible XSS;Avon Frozen;green;31271;Assistant International;JANDARMA_UZMAN
2;Berkshire Refined;withdrawal Architect;markets cohesiv;56421;Borders compress York;KOORDINATOR
3;enhance;feed Keyboard Samoa;Virginia Exclus;18843;Implementation Kazakistan Buckinghamshire;DEVLET_MEMURU
4;out-of-the-box;Florida;violet;58572;index Engineer;DEVLET_MEMURU
5;driver Refined RSS;bandwidth-monitored;Tuna Intelligen;79591;Team-oriented;SOZLESMELI_BILISIM_PERSONELI
6;connect wireless;parsing explicit;Account Vermont;25638;Flat;JANDARMA_ASTSUBAY
7;Account Burundi bluetooth;Loan;virtual;22734;Pre-emptive;SOZLESMELI_BILISIM_PERSONELI
8;Unbranded holistic;SAS indigo;Cambridgeshire;65438;ivory Research;JANDARMA_SUBAY
9;UAE Texas Central;contextually-based Outdoors;Licensed;32204;Gorgeous;SOZLESMELI_BILISIM_PERSONELI
10;Personal;multi-state;optimal;65807;zero Car;SOZLESMELI_BILISIM_PERSONELI
