id;odasi;dolabi;klasoru;fihrist_sirasi
1;generate;International;Fresh virtual Alaska;Regional panel Bhutan
2;JSON;Dinar;compressing Expanded;redundant Bedfordshire
3;Makedonya Avon;Taka Chicken;Planner input;architectures
4;Computer;compress Rubber;synthesizing;payment
5;alarm;cross-platform exuding Rial;Bacon purple;Personal Intelligent hacking
6;bluetooth Berkshire;Enhanced Mouse;XML;attitude quantify Investor
7;Centralized framework Sports;superstructure;Account Home withdrawal;invoice deposit
8;Table composite;Umman;Bedfordshire Fish;Intranet
9;THX Intelligent Account;primary;hack Orchestrator Loan;Adaptive
10;Table unleash Rustic;Officer;program budgetary Handmade;Chips Human
