id;adi;soyadi;telefonu;eposta;unvani
1;capacity attitude-oriented;program;emulation Wyomi;Rubber strategize parse;KOORDINATOR
2;proactive Cambridgeshire;RAM;granular Spring;leverage Sheqel Granite;DEVLET_MEMURU
3;Steel Kip;integrate Computer array;bandwidth Cotto;Tala compress;JANDARMA_UZMAN
4;holistic markets;virtual;Keyboard target;XSS virtual Self-enabling;DEVLET_MEMURU
5;Planner;quantifying;Sey≈üeller;Rapid Optional;JANDARMA_ASTSUBAY
6;Enterprise-wide bandwidth Unbranded;Senior services Practical;Metal withdrawa;Quality Virginia Metrics;JANDARMA_ASTSUBAY
7;Dinar;online front-end;Dynamic;feed Supervisor;KOORDINATOR
8;Cotton;XSS Avusturalya bypassing;application cop;Legacy;DEVLET_MEMURU
9;Accounts;B2B withdrawal application;black withdrawa;Cheese Tuna;SOZLESMELI_BILISIM_PERSONELI
10;Bacon grow;Direct dot-com;Identity enterp;Chicken;JANDARMA_SUBAY
